title,genre,director,country,year
38-я параллель (фильм),"драма, боевик, военный",Кан Джегю,Республика Корея,2004
36 безумных кулаков,"боевик, комедия",Чэнь Чжихуа,Гонконг,1977
34-й скорый,"Фильм-катастрофа, приключенческий фильм, драма",Андрей Малюков,СССР,1981
33 (фильм),драма,Патрисия Ригген,"США, Чили, Колумбия",2015
32-е августа на Земле,"драма, ,, мелодрама",Дени Вильнёв,Канада,1998
32 декабря (фильм),"комедия, ,, фантастика, мелодрама",Александр Муратов,Россия,2004
31-й километр,"ужасы, ,, мистика",Ригоберто Кастаньеда,"Мексика, Испания",2006
31 июня (фильм),"музыкальный фильм, (, мюзикл, ),, фэнтези",Леонид Квинихидзе,СССР,не указано
31 (фильм),Фильм ужасов,Роб Зомби,США,2016
30 свиданий,"комедия, мелодрама",Таисия Игуменцева,Россия,2016
30 ночей паранормального явления с одержимой девушкой с татуировкой дракона,"комедийный, фильм ужасов",Крэйг Мосс,США,2012
30 дней ночи,фильм о вампирах,Дэвид Слейд,США,2007
30 дней до рассвета,"фильм ужасов, комедия",Андерс Банке,Швеция,2006
30 безумных желаний,независимый кинематограф,".mw-parser-output .ts-Wikidata-redLink a{background:none;padding:0}.mw-parser-output .ts-Wikidata-redLink a.external{color:#ba0000;color:var(--color-link-red,#ba0000)}.mw-parser-output .ts-Wikidata-redLink a.external:visited{color:#a55858;color:var(--color-link-red--visited,#a55858)}, Питер Хатчингс, [вд]",США,2018
"29-я улица (фильм, 1991)","комедия, драма",Джордж Галло,США,1991
"29 пальм (фильм, 2003)","драма, роуд-муви",Брюно Дюмон,"Франция, Германия, США",2003
29 километр (фильм),"драма, ,, музыкальный фильм",Леонид Андронов,Россия,2012
28 недель спустя,"постапокалиптический, фильм ужасов",Хуан Карлос Фреснадильо,"Великобритания, США, Испания, [, 2, ]",2007
28 лет спустя,"постапокалиптический, фильм ужасов",Дэнни Бойл,"Великобритания, США",2025
28 дней спустя,Музыка к фильму,Дэнни Бойл,Великобритания,2002
28 дней,"драма, ,, комедия",Бетти Томас,США,2000
27-й день,научная фантастика,Уильям Эшер,США,1957
27 украденных поцелуев,"комедия, драма, мелодрама",Нана Джорджадзе,"Грузия, Франция, Германия, Россия",2000
27 секунд памяти,документальный,Иван Качалин,"Россия, Чехия, Нидерланды",2019
27 свадеб,романтическая комедия,Энн Флетчер,США,2008
25-й час,"криминальный фильм, драма",Спайк Ли,США,2002
25 ватт,Комедийная драма,"Хуан Пабло Ребелья, Пабло Столь",Уругвай,2001
24-25 не возвращается,"детективный фильм, ,, драма","Алоиз Бренч, Ростислав Горяев",СССР,1968
24 часа откровенного секса,"порнофильм, и, сексплуатационный фильм","Жозе Можика Маринш, [, 1, ]",Бразилия,1985
"24 часа из жизни женщины (фильм, 1999)",комедия,Нэнси Савока,США,1999
"24 часа из жизни женщины (фильм, 1952)","экранизация литературного произведения, [вд]","Виктор Сэвилл, [, 1, ]",Великобритания,1952
"24 часа (фильм, 2002)",триллер,Луис Мандоки,"США, Германия",2002
"24 часа (фильм, 2000)","боевик, драма",Александр Атанесян,Россия,2000
24 недели,драма,".mw-parser-output .ts-Wikidata-redLink a{background:none;padding:0}.mw-parser-output .ts-Wikidata-redLink a.external{color:#ba0000;color:var(--color-link-red,#ba0000)}.mw-parser-output .ts-Wikidata-redLink a.external:visited{color:#a55858;color:var(--color-link-red--visited,#a55858)}, Анна Зора Берашед, [вд], [, 1, ], [, 4, ]",Германия,2016
24 кадра,драма,Аббас Киаростами,"Иран, Франция",2017
23 (фильм),"триллер, /, драма",Ганс-Христиан Шмидт,Германия,1998
22 минуты,боевик,Василий Сериков,Россия,2014
22 мили,"боевик, ,, триллер",Питер Берг,США,2018
"22 июня, ровно в 4 часа…",драма,Борис Галкин,Россия,1992
22 июля (фильм),Драма,Пол Гринграсс,США,2018
21 ночь с Патти,комедия,"Арно Ларье, Жан-Мари Ларье",Франция,2015
21 мост,"драма, триллер, детектив",Брайан Кирк,США,2019
21 и больше,комедия,"Джон Лукас, Скотт Мур",США,2013
21 грамм,драма,Алехандро Гонсалес Иньярриту,США,2003
20 тысяч разновидностей пчёл,"драма, и, .mw-parser-output .ts-Wikidata-redLink a{background:none;padding:0}.mw-parser-output .ts-Wikidata-redLink a.external{color:#ba0000;color:var(--color-link-red,#ba0000)}.mw-parser-output .ts-Wikidata-redLink a.external:visited{color:#a55858;color:var(--color-link-red--visited,#a55858)}, ЛГБТ-фильм, [вд]","Эстибалис Урресола, [вд]",Испания,2023
20 сигарет,"драма, комедия",Александр Горновский,Россия,2007
20 сантиметров,"комедия, мюзикл",Рамон Саласар,"Испания, Франция",2005
20 миллионов миль до Земли,"научно-фантастический фильм, ,, фильм о монстрах, ,, фильм-катастрофа, ,, приключения, ,, фэнтези, ,, фильм-триллер, ,, фильм ужасов, и, .mw-parser-output .ts-Wikidata-redLink a{background:none;padding:0}.mw-parser-output .ts-Wikidata-redLink a.external{color:#ba0000;color:var(--color-link-red,#ba0000)}.mw-parser-output .ts-Wikidata-redLink a.external:visited{color:#a55858;color:var(--color-link-red--visited,#a55858)}, научно-фантастический фильм ужасов, [вд]",Натан Юран,"США, Италия, ФРГ",1957
20 дней в Мариуполе,"документальный фильм, и, военный фильм",Мстислав Чернов,Украина,2023
"20 000 лье под водой (фильм, 1997)","приключенческий фильм, научная фантастика",Род Харди,США,1997
20 декабря (телефильм),исторический фильм,Григорий Никулин,СССР,не указано
"20 000 лье под водой (фильм, 1916)",фантастика,Стюарт Патон,США,1916
"20 000 лье под водой (фильм, 1954)","драма, ,, стимпанк, ,, приключенческий фильм",Ричард Флейшер,США,1954
20 000 лет в Синг-Синге,"Криминальная мелодрама, Тюремная драма",Майкл Кёртис,США,1932
20 000 дней на Земле,"документальный, музыкальный","Айан Форсайт, Джейн Поллард",Великобритания,2014
18-летняя девственница,комедия,Тамара Олсон,США,2008
18-14,"исторический, детектив, приключение",Андрес Пуустусмаа,Россия,2007
"18 мая (фильм, 2007)","боевик, драма, военный, история","Ким Джи Хун, [англ.]",Республика Корея,2007
18 килогерц,драма,Фархат Шарипов,Казахстан,2020
18 бронзовых бойцов,"боевик, драма","Джозеф Го, [англ.]","Гонконг, Китайская Республика",1975
17 девушек (фильм),драма,"Дельфин Кулин, Мюриэль Кулин",Франция,2011
16 кварталов,"криминальный фильм, драма, триллер",Ричард Доннер,США,2006
16 желаний,"подростковая, фэнтезийная комедия",Питер Делуиз,США,не указано
15 минут славы,"Криминальная драма, боевик",Джон Херцфелд,США,2001
15 августа (фильм),комедия,Патрик Алессандрен,Франция,2001
14+,мелодрама,Андрей Зайцев,Россия,2015
14 клинков,"боевик, триллер",Дэниел Ли,"Гонконг, Китай",2010
14 июля (фильм),комедия,Рене Клер,Франция,1933
14 амазонок,"приключенческий фильм, драма, военный фильм","Чэн Ган, Дун Шаоюн",Гонконг,1972
13-я жертва,ужасы,"Мэл Хаус, [англ.]",США,2008
13-й участок,"криминальный фильм, драма, ,, экранизация",Мартин Фрич,Чехословакия,1946
13-й район,боевик,Пьер Морель,Франция,2004
13-й знак,Ужасы,"Джонти Эктон, Адам Мэйсон",Великобритания,2000
13-й апостол,фантастический фильм,Сурен Бабаян,СССР,1988
13 убийц,боевик,Такаси Миикэ,Япония,2010
13 стульев,Комедия,Эмерих Йозеф Войтек,Нацистская Германия,1938
13 призраков,фильм ужасов,Уильям Касл,США,1960
13 изгнаний дьявола,фильм ужасов,Хакобо Мартинес,Испания,2022
13 друзей хунты,документальный,не указано,Россия,2014
13 дней во Франции,"документальный фильм, спортивный фильм","Клод Лелуш, Жиль Ги, Франсуа Рейшенбах",Франция,1968
13 грехов,"триллер, ,, фильм ужасов",Даниэль Штамм,США,2014
"12 стульев (фильм, 1976)","комедия, мюзикл, мелодрама",Марк Захаров,СССР,не указано
"12 стульев (фильм, 1971)",комедия,Леонид Гайдай,СССР,1971
12 раундов,"боевик, триллер, криминал",Ренни Харлин,США,2009
12 стульев (телеспектакль),телеспектакль,Александр Белинский,СССР,1966
"12 разгневанных мужчин (фильм, 1997)",".mw-parser-output .ts-Wikidata-redLink a{background:none;padding:0}.mw-parser-output .ts-Wikidata-redLink a.external{color:#ba0000;color:var(--color-link-red,#ba0000)}.mw-parser-output .ts-Wikidata-redLink a.external:visited{color:#a55858;color:var(--color-link-red--visited,#a55858)}, процессуальная драма, [вд]",Уильям Фридкин,США,не указано
"12 разгневанных мужчин (фильм, 1957)","юридическая, драма",Сидни Люмет,США,1957
12 обезьян (фильм),"фантастика, триллер, драма, антиутопия",Терри Гиллиам,США,1995
12 могил Ходжи Насреддина,"комедия, ,, сказка",Климентий Минц,СССР,1966
12 месяцев. Новая сказка,"фильм-сказка, ,, комедия, ,, мелодрама, ,, семейный фильм",Денис Елеонский,Россия,2015
"12 месяцев (фильм, 2013)","романтическая, фэнтезийная комедия",Александр Баршак,Россия,2013
12 лет рабства,"историческая, драма",Стив Маккуин,"Великобритания, США",2013
12 дней страха,"ужасы, ,, триллер, ,, драма",Джек Шолдер,ЮАР,2004
12 (фильм),"психологический, триллер, ,, юридический, детектив, ,, драма",Никита Михалков,Россия,2007
11.6,Саундтрек,Филипп Годо,Франция,2013
11-11-11,фильм ужасов о сверхъестественном,Даррен Линн Боусман,"США, Испания",2011
11 сентября (фильм),"драма, исторический, киноальманах","Самира Махмальбаф, Клод Лелуш, Юсеф Шахин, Данис Танович, Идрисса Уэдраого, Кен Лоуч, Алехандро Гонсалес Инарриту, Амос Гитай, Мира Наир, Шон Пенн, Сёхэй Имамура","Иран, Франция, Египет, Босния и Герцеговина, Буркина-Фасо, Великобритания, Мексика, Израиль, Индия, США, Япония",2002
10 шагов к успеху,комедийная драма,Брэд Силберлинг,США,2006
10 причин моей ненависти,"подростковая, романтическая комедия",Джил Джангер,США,1999
10 на 10,психологический триллер,Сьюзи Юинг,"Великобритания, США",2018
10 миль в час,Документальное кино,"Хантер Уикс, [англ.]","США, США",2007
10 лет спустя,"романтическая, комедийная драма",Джеми Линден,США,2011
10 000 лет до нашей эры,приключенческий боевик,Роланд Эммерих,"ЮАР, США",2008
"9/11 (фильм, 2017)","драма, фильм-катастрофа",Мартин Гиги,США,2017
9 смертей ниндзя,боевик,Эмметт Олстон,США,1985
9 секунд,"биография, ,, драма",Олег Штром,Россия,2024
9 рота (фильм),"военно, -, исторический, боевик, ,, драма",Фёдор Бондарчук,"Россия, Украина",2005
9 месяцев строгого режима,комедия,Альбер Дюпонтель,Франция,2013
9 песен,"драма, мелодрама, музыкальный фильм, эротика",Майкл Уинтерботтом,Великобритания,2004
9 мёртвых геев,"драма, комедия",Лаб Ки Мо,Великобритания,2002
9 мая. Личное отношение,Телеальманах,"Авдотья Смирнова, Александр Котт, Владимир Котт, Евгений Лаврентьев, Карен Оганесян, Максим Пежемский, Егор Кончаловский, Василий Чигинский",Россия,2008
9 душ,фильм-драма,Тосиаки Тоёда,Япония,2003
9 апреля (фильм),"Военный, драма",Рони Эзра,Дания,2015
8-битное Рождество,комедия,Майкл Даус,США,2021
8 свиданий,Романтическая кинокомедия,"Перис Романо, Родриго Сорогойен",Испания,2008
8 первых свиданий,"мелодрама, ,, комедия","Дэвид Додсон, Александр Маляревский","Россия, Украина",2012
8 подруг Оушена,"кинокомедия, криминальный фильм",Гэри Росс,США,2018
8 миллиметров,"триллер, криминал",Джоэл Шумахер,"США, Германия",1999
8 лучших свиданий,"комедия, /, мелодрама",Марюс Вайсберг,"Россия, Украина",2016
8 женщин (фильм),"мюзикл, комедия, детектив",Франсуа Озон,"Франция, Италия",2002
8 (фильм),"историческая, драма",Хулио Медем,Испания,2025
8 ½ $,криминальная комедия,Григорий Константинопольский,Россия,1999
07-й меняет курс,"боевик, /, драма",Владимир Потапов,Россия,2007
7 ящиков,"триллер, криминал","Хуан Карлос Манелья, Тана Шембори",Парагвай,2012
7 секунд (фильм),боевик,Саймон Феллоуз,"США, Румыния, Швейцария, Великобритания",2005
7 женщин,драма,Джон Форд,США,1966
"7 дней, 7 ночей (фильм, 2024)",семейный фильм,Айк Кбеян,Россия,2024
7 дней и ночей с Мэрилин,"драма, биография","Саймон Кёртис, [англ.]",Великобритания,2011
7 дней до смерти,"драма, фильм ужасов, триллер",Себастьян Ниман,"США, Германия, Чехия",2000
7 дней в Сирии,документальный фильм,".mw-parser-output .ts-Wikidata-redLink a{background:none;padding:0}.mw-parser-output .ts-Wikidata-redLink a.external{color:#ba0000;color:var(--color-link-red,#ba0000)}.mw-parser-output .ts-Wikidata-redLink a.external:visited{color:#a55858;color:var(--color-link-red--visited,#a55858)}, Роберт Риппбергер, [вд]",США,2015
7 главных желаний,"комедия, мелодрама",Вадим Соколовский,Россия,2013
6-й день,"фантастика, триллер",Роджер Споттисвуд,США,2000
6 дней,"боевик, триллер",Тоа Фрейзер,"Великобритания, Новая Зеландия",2017
5×2,"мелодрама, драма",Франсуа Озон,Франция,2004
5-я волна,"постапокалиптика, научная фантастика",Дж. Блэйксон,США,2016
5 терапия,"драма, ,, триллер, ,, биография",Алиса Павловская,Украина,2017
"5 сантиметров в секунду (фильм, 2025)",не указано,".mw-parser-output .ts-Wikidata-redLink a{background:none;padding:0}.mw-parser-output .ts-Wikidata-redLink a.external{color:#ba0000;color:var(--color-link-red,#ba0000)}.mw-parser-output .ts-Wikidata-redLink a.external:visited{color:#a55858;color:var(--color-link-red--visited,#a55858)}, Ёсиюки Окуяма, [вд]",Япония,2025
5 разбитых камер,документальный фильм,"Эмад Бурнат, Гай Давиди","Израиль, ПНА, Франция, Нидерланды",2011
5 причин не влюбиться в казаха,комедия,Аскар Узабаев,Казахстан,2017
5 неизвестных,триллер,Симон Бранд,США,2006
5 недель (фильм),трагикомедия,Александр Андреев,Россия,2021
5 дней в августе,"военный, боевик",Ренни Харлин,"США, Грузия",2011
4.3.2.1,"электро-хаус, ,, соул, ,, R’n’B, ,, хип-хоп, ,, грайм",Ноэль Кларк,Великобритания,2010
4 x 4 (фильм),"драма, комедия","Рольф Клеменс, Палле Кьерулф-Шмидт, Мауну Куркваара","Финляндия, Норвегия, Швеция, Дания",1965
"4 месяца, 3 недели и 2 дня","психологическая, драма",Кристиан Мунджиу,Румыния,2007
4 маленькие девочки,Исторический документальный,Спайк Ли,США,1997
4 листа фанеры,детектив,"Иван Гаврилюк, Сайдо Курбанов",Украина,1992
4 дня в мае,"военная, драма, боевик",Ахим фон Боррис,"Германия, Украина, Россия",2011
4 американских композитора,"документальный, ,, музыкальный",Питер Гринуэй,Великобритания,1983
4 (фильм),драма,Илья Хржановский,"Россия, Нидерланды",2004
3 ночи в пустыне,драма,"Гэбриэль Коуэн, [англ.]",США,2014
3 идиота,"комедия, /, драма",Раджкумар Хирани,Индия,2009
"3 идиота (фильм, 2017)","комедия, и, семейный фильм",".mw-parser-output .ts-Wikidata-redLink a{background:none;padding:0}.mw-parser-output .ts-Wikidata-redLink a.external{color:#ba0000;color:var(--color-link-red,#ba0000)}.mw-parser-output .ts-Wikidata-redLink a.external:visited{color:#a55858;color:var(--color-link-red--visited,#a55858)}, Карлос Боладо, [вд]",Мексика,2017
3 гигантских человека,супергеройский фильм,".mw-parser-output .ts-Wikidata-redLink a{background:none;padding:0}.mw-parser-output .ts-Wikidata-redLink a.external{color:#ba0000;color:var(--color-link-red,#ba0000)}.mw-parser-output .ts-Wikidata-redLink a.external:visited{color:#a55858;color:var(--color-link-red--visited,#a55858)}, Tevfik Fikret Uçak, [вд]",не указано,1973
2+1,Музыка к фильму,Юго Желен,"Франция, Великобритания",2016
2-Асса-2,драма,Сергей Соловьёв,Россия,2008
2 секунды,комедия,Манон Брайан,Канада,1998
2 Girls 1 Cup,"порнофильм, и, .mw-parser-output .ts-Wikidata-redLink a{background:none;padding:0}.mw-parser-output .ts-Wikidata-redLink a.external{color:#ba0000;color:var(--color-link-red,#ba0000)}.mw-parser-output .ts-Wikidata-redLink a.external:visited{color:#a55858;color:var(--color-link-red--visited,#a55858)}, ЛГБТ-фильм, [вд]","Марко Фиорито, [вд]",Бразилия,2007
2 дурня в снегу,комедия,Жан-Луи Гийерму,Франция,1977
2 дня в Париже,"комедия, драма, мелодрама",Жюли Дельпи,"Франция, Германия",2007
1+1 (фильм),"комедийная драма, бадди-муви","Оливье Накаш, [, 2, ], Эрик Толедано, [, 2, ]",Франция,2011
01-99,комедия,Амасий Мартиросян,СССР,1959
1 миля до тебя,"драма, мелодрама",Лейф Тильден,США,2017
1 % (фильм),криминальный,Стив МакКаллум,Австралия,2017
1 (документальный фильм),документальный,Пол Краудер,США,2013
0-41*,"документальный, драма, комедия",Сенна Хегде,Индия,2016
(Не)идеальные роботы,"романтическая комедия, ,, научно-фантастический фильм, и, экранизация литературного произведения, [вд]","Энтони Хайнс, Каспер Кристенсен",США,2023
(Не)бывшие,"драма, и, мелодрама",Стефан Бризе,Франция,2023
«SOS» над тайгой,"драма, ,, приключения","Аркадий Кольцатый, ,, Валентин Перов",СССР,1976
«Чудотворец» из Бирюлёва,игровое кино,Борис Эпштейн,СССР,1958
«Спартак». Действующие лица и… болельщики,"документальный, ,, спорт","Илья Гутман, ,, Иосиф Пастернак",СССР,1985
"«Москвич», любовь моя",драма,Арам Шахбазян,"Армения, Франция, Россия",2015
…которого любили все,"документально, -, биографический фильм",Леонид Осыка,СССР,1982
…И прекрасный миг победы,спортивный фильм,Вячеслав Винник,СССР,1984
…и передайте привет ласточкам,"драма, военный",Яромил Йиреш,Чехословакия,1972
…а пятый всадник — Страх,"драма, военный, арт-хаус",Збынек Брыных,Чехословакия,1965
? (фильм),"драма, [, 1, ]",".mw-parser-output .ts-Wikidata-redLink a{background:none;padding:0}.mw-parser-output .ts-Wikidata-redLink a.external{color:#ba0000;color:var(--color-link-red,#ba0000)}.mw-parser-output .ts-Wikidata-redLink a.external:visited{color:#a55858;color:var(--color-link-red--visited,#a55858)}, Ханун Брамантйо, [вд], [, 1, ]",Индонезия,2011
Бесстрашный Жанно,"приключенческий, семейный, мультфильм","Жан Имаж, Чарльз Фрэнк (англоязычная версия)",Франция,не указано
Бессонница (мультфильм),не указано,Владимир Лещёв,Латвия,не указано
Бессмертный (мультфильм),сказка,Олег Зуев,Россия,не указано
Беспокойные сердца,симулятор свиданий,Хидэки Такаяма,не указано,не указано
Бесподобный мистер Фокс,"комедия, ,, мелодрама, ,, боевик",Уэс Андерсон,"США, Великобритания",не указано
Бескрылый гусёнок (мультфильм),легенда,Оксана Черкасова,СССР,не указано
Берсерк (манга),"тёмное фэнтези, ,, драма, ,, боевик, ,, меч и колдовство, [, 1, ]",Син Итагаки,"Кэнтаро Миура, (1989—2021), Studio Gaga (с 2022)",не указано
БЕРН·И,приключенческий фильм,Энгус Маклейн,США,не указано
Белый верблюжонок,не указано,Зиновий Ройзман,СССР,не указано
Белоснежка и семь гномов (мультфильм),"мюзикл, фэнтези","Руководящий режиссёр, .mw-parser-output .plainlist ol,.mw-parser-output .plainlist ul{line-height:inherit;list-style:none;margin:0;padding:0}.mw-parser-output .plainlist ol li,.mw-parser-output .plainlist ul li{margin-bottom:0}, Дэвид Хэнд, Режиссёры сцен, Перс Пирс, Уильям Коттрелл, Ларри Мори, Уилфред Джексон, Бен Шарпстин",США,не указано
Белоснежка и Алоцветик,сказка,Елена Петкевич,Беларусь,не указано
"Белоснежка (мультфильм, 1933)","сказка, ,, комедия",Дэйв Флейшер,США,не указано
Белолобый (мультфильм),не указано,Сергей Серёгин,Россия,не указано
Белое золото (Хлопок),не указано,А. Иванов,СССР,не указано
Белка и Стрелка. Лунные приключения,"мультфильм, ,, исторический, ,, комедия, ,, приключения, ,, фантастика","Инна Евланникова, Александр Храмцов",Россия,не указано
Белка и Стрелка. Карибская тайна,"исторический, мультфильм, ,, комедия, ,, приключения, ,, фантастика","Инна Евланникова, ,, Александр Храмцов",Россия,не указано
Выползшее из деревянных вещей,фантастика,Герд Освальд,США,1963
Вызываем огонь на себя (фильм),"военно, -, исторический фильм, ,, драма",Сергей Колосов,СССР,не указано
Вы не знаете Джека,"драма, биография",Барри Левинсон,США,не указано
"Вчера, сегодня и всегда (фильм, 1969)","музыкальная, комедия",Михаил Григорьев,СССР,не указано
Второй шанс (За гранью возможного),фантастика,Пол Стенли,США,1964
Всегда в пути твоё лицо,"драматический фильм, военный фильм",Ахим Хюбнер,ГДР,1960
"Вся королевская рать (фильм, 1971)",драма,"Александр Гуткович, Наум Ардашников",СССР,не указано
Всё что угодно ради любви,комедия,".mw-parser-output .ts-Wikidata-redLink a{background:none;padding:0}.mw-parser-output .ts-Wikidata-redLink a.external{color:#ba0000;color:var(--color-link-red,#ba0000)}.mw-parser-output .ts-Wikidata-redLink a.external:visited{color:#a55858;color:var(--color-link-red--visited,#a55858)}, Майкл Койш, [вд]","Канада, США",1993
Время для размышлений,драма,Сергей Ашкенази,СССР,не указано
Время-не-ждёт (телефильм),приключенческий фильм,Виталий Четвериков,СССР,не указано
Враждебные воды,триллер,Дэвид Друри,"США, ,, Великобритания, ,, Германия",не указано
Враги разума,документальный,Расселл Барнс,Великобритания,не указано
"Враги (фильм, 2006)","фантастика, триллер",Пол Зиллер,"США, Канада",не указано
"Вперёд, гвардейцы!",детектив,Валерий Ахадов,СССР,не указано
"Воспоминания об убийстве (фильм, 1990)","боевик, криминальный фильм, триллер",Роберт Льюис,США,1990
Воспитание чувств (мини-сериал),"мини-сериал, экранизация, драма, мелодрама","Марсель Кравенн, [фр.]",Франция,не указано
"Воскресение (фильм, 2001)",драма,"Паоло Тавиани, Витторио Тавиани","Италия, Франция, ФРГ",не указано
Вороньё,природный фильм ужасов,Шелдон Уилсон,США,2007
Волшебный голос Джельсомино,"приключения, ,, сказка, ,, мюзикл",Тамара Лисициан,СССР,не указано
Волшебное таинственное путешествие (фильм),"кинокомедия, мюзикл","Бернард Ноулесс, [англ.], The Beatles",Великобритания,не указано
Волшебники из Вэйверли Плэйс в кино,"комедийная драма, фэнтези","Лев Л. Спиро, [англ.]",США,не указано
Волшебник Земноморья (мини-сериал),"фэнтези, драма, приключенческий фильм",Роберт Либерман,"Канада, США",не указано
Волшебная история Пиноккио,"фэнтези, драма, приключения",Альберто Сирони,"Великобритания, Италия",не указано
Волк 359,фантастика,Ласло Бенедек,США,не указано
Вокруг света за 80 дней (мини-сериал),приключенческий фильм,Базз Кьюлик,"США, Италия, Югославия",не указано
Войны в женской общаге,"комедия, драма",Джеймс Хэйман,США,не указано
Война одного человека,драма,Серджо Толедо,Великобритания,не указано
Война на западном направлении,военный фильм,"Тимофей Левчук, Григорий Кохан",СССР,не указано
Вой Банши,фильм ужасов,Стивен С. Миллер,США,2011
Возвращение капитана Немо,".mw-parser-output .ts-Wikidata-redLink a{background:none;padding:0}.mw-parser-output .ts-Wikidata-redLink a.external{color:#ba0000;color:var(--color-link-red,#ba0000)}.mw-parser-output .ts-Wikidata-redLink a.external:visited{color:#a55858;color:var(--color-link-red--visited,#a55858)}, экранизация романа, [вд], и, научно-фантастический фильм","Алекс Марч, Пол Стадер",США,не указано
Возвращение титанов,"ужасы, /, боевик, /, фантастика",Мэри Ламберт,США,2011
Возвращение в Зурбаган,"драма, мелодрама",Олег Гойда,СССР,не указано
Водопроводчик (фильм),триллер,Питер Уир,Австралия,1979
Возвращение Будулая,мелодрама,Александр Бланк,СССР,не указано
Водитель автобуса (фильм),детектив,Борис Шадурский,СССР,1983
Властелин легенд,"драма, ,, фентези",Стив Бэррон,США,2003
"Виртуоз (фильм, 2002)","боевик, драма, триллер, криминальный фильм",Жан Пьер Ру,"США, Великобритания, Германия, Испания",2002
"Вишнёвый сад (фильм, 1981)",драма,Ричард Эйр,Великобритания,не указано
Виртуальный кошмар,не указано,Майкл Паттинсон,США,2000
Виртуальное соблазнение,фантастика,Пол Зиллер,США,1995
Виктор Астафьев. Весёлый солдат,документальный,Андрей Зайцев,Россия,2010
"Визит старой дамы (фильм, 2008)","Трагифарс, драма",Николаус Лейтнер,"Германия, Австрия",2008
"Визит старой дамы (фильм, 2006)",Трагикомедия,Роман Баскин,Эстония,не указано
"Визит старой дамы (фильм, 1959)",Трагикомедия,Людвиг Кремер,ФРГ,не указано
Визит дамы,трагифарс,Михаил Козаков,СССР,не указано
Вечный зов (телесериал),эпический фильм,"Владимир Краснопольский, Валерий Усков",СССР,не указано
Вечерний экспресс «Сансет Лимитед»,драма,Томми Ли Джонс,США,не указано
Вечер Эдгара Аллана По,"фильм ужасов, и, фильм-тайна",".mw-parser-output .ts-Wikidata-redLink a{background:none;padding:0}.mw-parser-output .ts-Wikidata-redLink a.external{color:#ba0000;color:var(--color-link-red,#ba0000)}.mw-parser-output .ts-Wikidata-redLink a.external:visited{color:#a55858;color:var(--color-link-red--visited,#a55858)}, Кеннет Джонсон, [вд]",США,1970
Весна убийств,детективный фильм,Стивен Уильямс,Канада,2002
Весёлые деньки на Диком Западе,детский фильм,Стюарт Марголин,США,не указано
"Весёлое сновидение, или Смех и слёзы","сказка, детский фильм",Игорь Усов,СССР,не указано
Весёлая хроника опасного путешествия,комедия,Евгений Гинзбург,СССР,не указано
Великий Мерлин,"приключенческий фильм, драма, фэнтези",Стив Бэррон,"США, Великобритания",не указано
"Великий Гэтсби (фильм, 2000)","драма, ,, романтический фильм, и, .mw-parser-output .ts-Wikidata-redLink a{background:none;padding:0}.mw-parser-output .ts-Wikidata-redLink a.external{color:#ba0000;color:var(--color-link-red,#ba0000)}.mw-parser-output .ts-Wikidata-redLink a.external:visited{color:#a55858;color:var(--color-link-red--visited,#a55858)}, экранизация романа, [вд]",Роберт Марковиц,"Великобритания, США",не указано
Великая война (документальный цикл),"художественно-документальный, ,, докудрама",Анна Граждан,Россия,не указано
Вас вызывает Таймыр (фильм),комедия,Алексей Коренев,СССР,не указано
Варькина земля,"драма, ,, мелодрама",Анатолий Буковский,СССР,не указано
Вариант «Омега»,"военный фильм, ,, шпионский фильм",Антонис-Янис Воязос,СССР,не указано
Варвары у ворот (фильм),комедия,Гленн Джордан,США,не указано
"Ванзейская конференция (фильм, 2022)","историческая драма, [, 1, ]",".mw-parser-output .ts-Wikidata-redLink a{background:none;padding:0}.mw-parser-output .ts-Wikidata-redLink a.external{color:#ba0000;color:var(--color-link-red,#ba0000)}.mw-parser-output .ts-Wikidata-redLink a.external:visited{color:#a55858;color:var(--color-link-red--visited,#a55858)}, Матти Гешоннек, [вд], [, 1, ]","Германия, [, 3, ], [, 1, ]",не указано
"Ванзейская конференция (фильм, 1984)",драма,".mw-parser-output .ts-Wikidata-redLink a{background:none;padding:0}.mw-parser-output .ts-Wikidata-redLink a.external{color:#ba0000;color:var(--color-link-red,#ba0000)}.mw-parser-output .ts-Wikidata-redLink a.external:visited{color:#a55858;color:var(--color-link-red--visited,#a55858)}, Heinz Schirk, [вд]",ФРГ,не указано
"Валерка, Рэмка +…",детский фильм,Валентин Козачков,СССР,не указано
В тринадцатом часу ночи,"сказка, ,, музыкальный фильм",Лариса Шепитько,СССР,1968
"В тупике (фильм, 1993)",триллер,Джеф Мёрфи,"США, Мексика",не указано
В сумерках,".mw-parser-output .ts-Wikidata-redLink a{background:none;padding:0}.mw-parser-output .ts-Wikidata-redLink a.external{color:#ba0000;color:var(--color-link-red,#ba0000)}.mw-parser-output .ts-Wikidata-redLink a.external:visited{color:#a55858;color:var(--color-link-red--visited,#a55858)}, ЛГБТ-фильм, [вд], и, драма",Кристофер Рив,США,1997
"В пути (фильм, 1961)",драма,Мери Анджапаридзе,СССР,не указано
В полночный час,"мелодрама, детектив, триллер",Чарльз Джэрротт,"США, Канада, Германия",не указано
В поисках утраченного времени (фильм),"драма, ,, .mw-parser-output .ts-Wikidata-redLink a{background:none;padding:0}.mw-parser-output .ts-Wikidata-redLink a.external{color:#ba0000;color:var(--color-link-red,#ba0000)}.mw-parser-output .ts-Wikidata-redLink a.external:visited{color:#a55858;color:var(--color-link-red--visited,#a55858)}, ЛГБТ-фильм, [вд], и, экранизация романа, [вд]",Нина Компанеец,Франция,не указано
В объятиях убийцы,"драма, /, триллер",Роберт Коллинз,США,1992
В поисках гигантских обезьян,научно-популярный фильм,"Роберт Янг, [англ.], ,, Роберт Кэмпбелл, [англ.], ,, Кристин Уайзер, [вд]",США,не указано
В объективе — животные,научно-популярный фильм,не указано,СССР,не указано
"В круге первом (фильм, 1992)","драма, ,, триллер",Шелдон Ларри,"США, Канада, Франция",1992
"В июне 41-го (телесериал, 2008)","драма, ,, военный фильм",Александр Франскевич-Лайе,"Беларусь, Россия",не указано
Быть братом,социальная драма,Григорий Липшиц,СССР,не указано
Было у отца три сына,мелодрама,Геннадий Иванов,СССР,1981
Был месяц май,"военный фильм, ,, драма",Марлен Хуциев,СССР,не указано
Буря столетия (мини-сериал),"фильм ужасов, триллер, драма",Крейг Баксли,"США, Канада",не указано
Бумбараш,"музыкальный фильм, комедия, драма","Николай Рашеев, Абрам Народицкий",СССР,не указано
Бульдозер-убийца,Фантастика,Джерри Лондон,США,1974
"Будь здоров, дорогой!",комедия,"Тамаз Гомелаури, Вахтанг Кикабидзе",СССР,1981
Бронзовая птица (фильм),"детский, экранизация, приключение",Николай Калинин,СССР,не указано
"Бросок, или Всё началось в субботу",фантастика,Серик Райбаев,СССР,не указано
Бросив смертельный взгляд,"фильм ужасов, ,, чёрная комедия",Мартин Кэмпбелл,США,не указано
Бритни навсегда,биография,Лесли Либман,США,не указано
Бриллиантовое руно,комедия,"Эл Уэксман, [англ.]",Канада,не указано
Бриллиантовая ловушка,детектив,Дон Тейлор,"Великобритания, США",не указано
Бременская свобода,драма,Райнер Вернер Фасбиндер,ФРГ,не указано
Братство розы,детектив,Марвин Дж. Чомски,"США, Новая Зеландия",не указано
Брексит (фильм),"драма, и, политический триллер, [вд]",".mw-parser-output .ts-Wikidata-redLink a{background:none;padding:0}.mw-parser-output .ts-Wikidata-redLink a.external{color:#ba0000;color:var(--color-link-red,#ba0000)}.mw-parser-output .ts-Wikidata-redLink a.external:visited{color:#a55858;color:var(--color-link-red--visited,#a55858)}, Тоби Хайнс, [вд]",Великобритания,не указано
Братан (фильм),приключение,Бахтиёр Худойназаров,СССР,не указано
Брак короля Густава III,не указано,".mw-parser-output .ts-Wikidata-redLink a{background:none;padding:0}.mw-parser-output .ts-Wikidata-redLink a.external{color:#ba0000;color:var(--color-link-red,#ba0000)}.mw-parser-output .ts-Wikidata-redLink a.external:visited{color:#a55858;color:var(--color-link-red--visited,#a55858)}, Маркус Олссон, [вд], [, 1, ]",Швеция,не указано
Браво-два-ноль (фильм),"военный фильм, приключенческий фильм, триллер",Том Клегг,"ЮАР, Великобритания",не указано
Боязнь высоты (фильм),психологический триллер,Ларри Шоу,США,1998
Борьба за справедливость,драма,Джеймс Кич,США,не указано
Борзые (фильм),"криминальный фильм, комедия",Ким Мэннерс,США,1994
Большая перемена,"комедия, мелодрама",Алексей Коренев,СССР,не указано
Бой на перекрёстке,историко-революционный фильм,Анатолий Тютюнник,СССР,не указано
"Боги речного мира (фильм, 2010)","Научная фантастика, Приключения",Стюарт Гиллард,"США, Канада",2010
"Боги речного мира (фильм, 2003)","Научная фантастика, Драма, Приключения",Кари Скогланд,Канада,2003
"Богач, бедняк… (фильм, 1982)",драма,Арунас Жебрюнас,СССР,не указано
Близко к Лео,драма,Кристоф Оноре,Франция,не указано
Блеск и нищета куртизанок (мини-сериал),"исторический фильм, драма, мелодрама","Морис Казнёв, [фр.]","Франция, [, 1, ], Бельгия, [, 1, ], Швейцария, [, 1, ], ФРГ, [, 1, ]",не указано
Благословенные,драма,Ингмар Бергман,Швеция,1986
Битва Шарпа,"боевик, приключенческий фильм, исторический фильм, военный фильм",Том Клегг,Великобритания,1995
"Бигфут (фильм, 2012)","ужасы, научная фантастика, приключенческий боевик, комедия",Брюс Дэвисон,США,2012
Битва Мэри Кэй,комедия,Эд Жернон,США,не указано
Бесси (фильм),Байопик,Ди Рис,США,не указано
"Бермудский треугольник (фильм, 2001)","фильм ужасов, /, триллер",Кристиан МакИнтайр,США,2001
Берлинский тоннель номер 21,"триллер, /, драма",Ричард Мичелс,США,1981
Берегите женщин,"кинокомедия, ,, музыкальный фильм","Александр Полынников, Виктор Макаров",СССР,не указано
"Берега (фильм, 1977)",драма,"Гига Лордкипанидзе, ,, Гизо Габескирия",СССР,не указано
Бен-Гур (мини-сериал),".mw-parser-output .ts-Wikidata-redLink a{background:none;padding:0}.mw-parser-output .ts-Wikidata-redLink a.external{color:#ba0000;color:var(--color-link-red,#ba0000)}.mw-parser-output .ts-Wikidata-redLink a.external:visited{color:#a55858;color:var(--color-link-red--visited,#a55858)}, исторический телесериал, [вд], и, телесериал-экранизация романа, [вд]",Стив Шилл,"Великобритания, Германия, Канада, [, 1, ]",не указано
Белый шаман (фильм),"драма, исторический фильм",Анатолий Ниточкин,СССР,не указано
Белый ужас,приключенческий фильм,Пол Красни,США,1994
"Белоснежка (фильм, 2001)","фэнтези, драма, приключения",Кэролайн Томпсон,"Канада, Германия, США",не указано
Белые одежды (фильм),"драма, и, экранизация литературного произведения, [вд]",Леонид Белозорович,"Беларусь, Россия",не указано
Безымянная звезда (фильм),"трагикомедия, ,, мелодрама",Михаил Козаков,СССР,не указано
Бездомные твари,триллер,Джон Макферсон,США,1991
"Без семьи (фильм, 2000)",драма,Жан-Даниэль Верхак,"Франция, Чехия, Германия",не указано
Без права на пощаду,детектив,Леонид Полонский,СССР,1970
Без году неделя,"мелодрама, ,, комедия",Николай Засеев-Руденко,СССР,не указано
Бедная Маша,музыкальная комедия,Николай Александрович,СССР,не указано
Бегство от смерти,"драма, /, триллер",Винсент МакЭвети,США,не указано
"Бегство (фильм, 1986)",социальная драма,Томаш Шадковский,ПНР,1986
Беглец среди нас,"криминальный фильм, драма",Майкл Тошиюки Уно,США,1992
Башня ужаса,"фильм ужасов, триллер, комедия",Ди Джей Макхейл,США,не указано
"Башня смерти (фильм, 1975)",триллер,Джерри Джеймсон,США,не указано
Бархатные пальчики,"драма, мелодрама",Айлинг Уолш,Великобритания,не указано
Бархатные ножки,"мелодрама, эротика",Джеффри Сакс,Великобритания,не указано
"Банда мотоциклистов (фильм, 1994)",боевик,Джон Милиус,США,не указано
Барабаниада (короткометражный фильм),"комедия, ,, сказка, ,, фантастика",Сергей Овчаров,СССР,не указано
Балетные туфельки (фильм),"драма, семейный фильм",Сандра Голдбахер,Великобритания,не указано
"Байрон (фильм, 2003)",драма,Джулиан Фарино,Великобритания,не указано
Бабушки надвое сказали…,"комедия, музыкальный фильм","Валерий Харченко, Юрий Клебанов",СССР,не указано
"Бабушка (фильм, 1971)",драма,".mw-parser-output .ts-Wikidata-redLink a{background:none;padding:0}.mw-parser-output .ts-Wikidata-redLink a.external{color:#ba0000;color:var(--color-link-red,#ba0000)}.mw-parser-output .ts-Wikidata-redLink a.external:visited{color:#a55858;color:var(--color-link-red--visited,#a55858)}, Антонин Москалик, [вд]",Чехословакия,1971
"Бабочка (фильм, 1977)",комедия,"Нинель Ненова, Гено Цулая",СССР,1977
«Ахап Ереч» Роальда Даля,".mw-parser-output .ts-Wikidata-redLink a{background:none;padding:0}.mw-parser-output .ts-Wikidata-redLink a.external{color:#ba0000;color:var(--color-link-red,#ba0000)}.mw-parser-output .ts-Wikidata-redLink a.external:visited{color:#a55858;color:var(--color-link-red--visited,#a55858)}, экранизация романа, [вд]",Дервла Уолш,Великобритания,не указано
Аттила-завоеватель (мини-сериал),исторический,Дик Лоури,"США, Литва",не указано
"Ах, водевиль, водевиль…","комедия, ,, водевиль, ,, мюзикл",Георгий Юнгвальд-Хилькевич,СССР,не указано
"Аттестат зрелости (фильм, 1977)",криминальный фильм,"Вольфганг Петерсен, [, 2, ]",ФРГ,не указано
Атомный поезд,"фильм-катастрофа, боевик, драма, триллер","Дэвид Джексон, Дик Лоури","США, [, 1, ]",не указано
Архитекторы страха,не указано,Байрон Хаскин,не указано,не указано
"Аркадий Райкин (фильм, 1975)",документальный фильм,Марина Голдовская,СССР,не указано
Арабские приключения (мини-сериал),"фэнтезийный фильм, приключенческий фильм",Стив Бэррон,"США, Великобритания, Германия",не указано
"Аппассионата (фильм, 1963)",не указано,Юрий Вышинский,СССР,не указано
Анюта (фильм-балет),телевизионный балет,"А. Белинский, В. Васильев",СССР,не указано
Анискин и Фантомас,"детективный фильм, комедия","Михаил Жаров, Виталий Иванов, Владимир Рапопорт",СССР,не указано
"Анна Каренина (фильм, 1985)",мелодрама,"Саймон Лэнгтон, [англ.]",США,не указано
Ангелы падают,"триллер, /, драма, /, мелодрама",Ральф Хемекер,США,не указано
Анатомия протеста,документальное кино,"Сергей Кисляков,, Дмитрий Ларченко,, Юрий Устинов",Россия,не указано
Америкэн бой,"детективный фильм, боевик, триллер",Борис Квашнёв,"РСФСР, Россия",1992
Амиши (фильм),не указано,"Дэвид Белтон, [англ.], [, 1, ]",США,не указано
Американское преступление (фильм),"драма, ,, детектив",Томми О’Хейвер,США,не указано
"Американская трагедия (фильм, 1981)",драма,Марийонас Гидрис,СССР,не указано
"Американская трагедия (фильм, 2000)",судебная драма,"Лоуренс Шиллер, [англ.]",США,не указано
Аманда и инопланетянин,"фантастика, комедия",Джон Кролл,США,не указано
"Алый знак доблести (фильм, 1974)","драма, военный фильм, вестерн",Ли Филипс,США,не указано
"Алиса в Стране чудес (фильм, 1985)","приключенческий фильм, семейный фильм, фэнтези",Гарри Харрис,США,не указано
"Алиса в Стране чудес (фильм, 1999)","фэнтези, семейный фильм, приключенческий фильм",Ник Уиллинг,"США, Германия, Великобритания, [, 1, ]",не указано
"Алиса в Зазеркалье (фильм, 1998)","фэнтези, приключения, семейный",Джон Хендерсон,Великобритания,не указано
Аладдин и его волшебная лампа,"приключенческий фильм, комедия, семейный фильм, фэнтези",Тим Бёртон,США,1986
Акулы (фильм),"боевик, фильм ужасов, триллер",Боб Мисиоровски,"США, Израиль, ЮАР",1999
Акулосьминог,"ужасы, фантастика, боевик, комедия",Деклан О’Брайен,США,2010
"Ад, или Досье на самого себя",драма,Геннадий Беглов,СССР,1989
Акулий торнадо,"фильм-катастрофа, ужасы, фантастика, комедия",Энтони Ферранте,"США, [, 3, ]",2013
"Айвенго (фильм, 1982)",приключенческий фильм,Дуглас Кэмфилд,"США, Великобритания",не указано
"Аватар, или Замена душ","фантастика, драма",Януш Маевский,Польша,1964
"Автострада (фильм, 1997)","фильм ужасов, триллер, мистика",Мик Гаррис,США,не указано
А чой-то ты во фраке? (фильм),"комедия, /, мюзикл",Иосиф Райхельгауз,Россия,1993
1812 (документальный цикл),"документальный, ,, драма",Павел Тупик,Россия,не указано
"451 градус по Фаренгейту (фильм, 2018)","драма, ,, .mw-parser-output .ts-Wikidata-redLink a{background:none;padding:0}.mw-parser-output .ts-Wikidata-redLink a.external{color:#ba0000;color:var(--color-link-red,#ba0000)}.mw-parser-output .ts-Wikidata-redLink a.external:visited{color:#a55858;color:var(--color-link-red--visited,#a55858)}, антиутопическое произведение, [вд], ,, научно-фантастический фильм, и, экранизация романа, [вд]",Рамин Бахрани,США,не указано
51 (фильм),"фантастика, фильм ужасов",Джейсон Коннери,США,2011
Белка и Стрелка. Звёздные собаки,"Исторический, мультфильм, комедия, приключения, [, 1, ]","Святослав Ушаков, (постановщик), Инна Евланникова, (постановщик)",Россия,не указано
Белая шкурка,сказка,Борис Фильчиков,СССР,не указано
Белая бабочка (мультфильм),не указано,Галина Тургенева,СССР,не указано
Бейблэйд Бёрст,не указано,Кацухито Акияма,не указано,не указано
Бейблэйд,"комедия, ,, спокон, ,, приключения",Акияма Кацухито,не указано,не указано
Безумный самолёт,комедия,"Аб Айверкс, Уолт Дисней",США,не указано
"Безумный доктор (мультфильм, 1933)","семейный фильм, музыкальный фильм",Дэвид Хэнд,США,не указано
Бездомный бог,"романтика,, трагикомедия, ,, приключения, ,, фэнтези, ,, драма",Котаро Тамура,не указано,не указано
Беззаконие (мультфильм),Семейный фильм,Наталья Мальгина,Россия,не указано
Бездомные домовые,сказка,Станислав Соколов,СССР,не указано
Безделушка (мультфильм),"комедия, и, семейный фильм",Джон Лассетер,США,не указано
Без игры жизни нет,"приключения, ,, комедия, ,, фэнтези, ,, этти",Ацуко Исидзука,"Ю Камия, , Масиро Хиираги",не указано
Бедокуры,комедия,Вадим Курчевский,СССР,не указано
Бедный Пьеро,мультфильм,Эмиль Рейно,Франция,1892
Бедная Лиза (мультфильм),драма,Идея Гаранина,СССР,не указано
"Беги, ручеёк",фильм-сказка,Пётр Носов,СССР,не указано
Иван Павлов. Поиски истины,биографический,"Карен Геворкян, ,, Владимир Македонский",СССР,не указано
Иван Бабушкин (фильм),"исторический фильм, ,, биография",Георгий Кузнецов,СССР,1985
"Иван (фильм, 1982)",драма,Виталий Дудин,СССР,1982
И это всё о нём (фильм),детектив,Игорь Шатров,СССР,не указано
И с вами снова я…,"драма, биографический",Борис Галантер,СССР,1981
И снова Анискин,"детективный фильм, комедия","Михаил Жаров, Виталий Иванов",СССР,1978
Золотая мина,детективный фильм,Евгений Татарский,СССР,1977
И капли росы на рассвете,не указано,Петерис Крыловс,СССР,не указано
Земля моего детства,драма,Анатолий Ниточкин,СССР,1986
"Здравствуйте, я ваша тётя!","эксцентрическая комедия, музыкальный фильм, экранизация, мелодрама",Виктор Абросимович Титов,СССР,не указано
"Зелёный фургон (фильм, 1983)","Приключенческий фильм, ,, детектив",Александр Павловский,СССР,не указано
Здравствуйте все!,драма,"Гига Лордкипанидзе, Амиран Дарсавелидзе",СССР,не указано
Зверобой (фильм),"приключенческий фильм, исторический фильм",Андрей Ростоцкий,СССР,1990
Звездочёт (фильм),детектив,Анатолий Тютюнник,СССР,не указано
Запомните меня такой,драма,Павел Чухрай,СССР,1987
Затишье (фильм),драма,Виталий Четвериков,СССР,1981
Записки юного врача (фильм),драма,Михаил Якжен,СССР,1991
Записки Пиквикского клуба (телеспектакль),"комедия, музыкальный фильм, экранизация",Александр Прошкин,СССР,1972
Запасное колесо (фильм),комедия,Амиран Дарсавелидзе,СССР,1978
"Завтрак на траве (фильм, 1979)","приключения, ,, комедия, ,, музыкальный",Н. Александрович,СССР,не указано
Забытые вещи,комедия,Вия Бейнерте,СССР,1982
Заблудший (фильм),драма,Семён Туманов,СССР,1966
За синими ночами,мелодрама,Ольгерд Воронцов,СССР,1982
За всё заплачено,драма,Алексей Салтыков,СССР,1988
Жили три холостяка,комедия,Михаил Григорьев,СССР,не указано
Жил-был настройщик,"комедия, ,, мелодрама",Владимир Алеников,СССР,не указано
Жизнь Клима Самгина (телесериал),"драма, /, история",Виктор Титов,СССР,1988
Жизнь и смерть дворянина Чертопханова,драма,Виктор Туров,СССР,1971
"Жиголо и Жиголетта (фильм, 1980)","музыкальный фильм, ,, фильм-балет, ,, экранизация",Александр Белинский,СССР,1980
"Жизнь (фильм, 1989)","фильм-биография, драма",Айварс Фрейманис,СССР,1989
"Женитьба Бальзаминова (фильм, 1989)",телевизионный балет,Александр Белинский,СССР,1989
Жаворонки (фильм),"социальная, драма",Ольгерт Дункерс,СССР,не указано
Жду и надеюсь,драма,Сурен Шахбазян,СССР,1980
Ещё до войны (фильм),мелодрама,Борис Савченко,СССР,1982
"Если любишь… (фильм, 1982)",мелодрама,"Анвар Тураев, Фёдор Глущенко",СССР,не указано
Если верить Лопотухину…,фантастическая комедия,Михаил Козаков,СССР,1983
Душечка (фильм),драма,Сергей Колосов,СССР,не указано
Дуэнья (фильм),"комедия нравов, ,, музыкальный фильм",Михаил Григорьев,СССР,не указано
Дульсинея Тобосская (фильм),"драма, /, мюзикл",Светлана Дружинина,СССР,1980
Други игрищ и забав,трагикомедия,Михаил Никитин,СССР,1981
Другая драма,"фильм-биография, , драма, мелодрама, экранизация",Андрей Некрасов,"СССР, Великобритания",1990
Друг Тыманчи,"приключенческий, ,, драма",Анатолий Ниточкин,СССР,1970
Дороги Анны Фирлинг,"исторический фильм, драма",Сергей Колосов,СССР,не указано
Дополнительный прибывает на второй путь,детектив,"Валерий Ахадов, Сайдо Курбанов","СССР, ;, Таджикская ССР",1986
"Дорога (фильм, 1975)","мелодрама, приключенческий фильм",Леонид Попов,СССР,1975
"Дом, который построил Свифт","Сатирическая, комедия",Марк Захаров,СССР,не указано
"Дон Сезар де Базан (фильм, 1989)",музыкальный фильм,Ян Фрид,СССР,1989
Долгий путь в лабиринте (фильм),приключения,Василий Левин,СССР,1981
Долгие вёрсты войны,Драма,Александр Карпов,СССР,1975
Долгая дорога в дюнах,драма,Алоиз Бренч,СССР,не указано
Документ Р,"детектив, драма",Валерий Харченко,СССР,1985
"Дни Турбиных (фильм, 1976)",драма,Владимир Басов,СССР,1976
Дождь в чужом городе (фильм),психологическая драма,"Владимир Горпенко, ,, Михаил Резникович",СССР,1979
Днестровские мелодии,музыкальный фильм,Ион Мижа,СССР,не указано
Дневной поезд,мелодрама,Инесса Селезнёва,СССР,1976
Диалог (фильм),политический триллер,Сергей Колосов,СССР,1977
Джек Восьмёркин — «американец»,комедия,Евгений Татарский,СССР,1986
"Дети солнца (фильм, 1985)","Психологическая, драма",Леонид Пчёлкин,СССР,1985
Дети как дети,Мелодрама,Аян Шахмалиева,СССР,1978
"День первый, день последний",мелодрама,Юрий Ляшенко,СССР,1978
Денискины рассказы (фильм),"детский,, музыкальный фильм, ,, комедия",Владимир Храмов,СССР,1970
Девушка из легенды,не указано,Георгий Бзаров,СССР,1980
Дело Сухово-Кобылина (фильм),"историческая, драма, биографический фильм",Леонид Пчёлкин,СССР,1991
Двое в пустыне,не указано,Алты Артыков,СССР,1968
Двенадцать месяцев (фильм),сказка,Анатолий Граник,СССР,1973
"Двенадцатая ночь (спектакль, 1975)",комедия,Питер Джеймс,СССР,1975
Двадцать лет спустя (телеспектакль),фильм-спектакль,Юрий Сергеев,СССР,не указано
"Два капитана (фильм, 1976)",приключенческий фильм,Евгений Карелов,СССР,1976
Два гусара (фильм),драма,Вячеслав Криштофович,СССР,1984
"Дамы и гусары (фильм, 1976)",комедия,"Анатолий Ниточкин, Александра Ремизова",СССР,1976
Д’Артаньян и три мушкетёра,"музыкально, -, приключенческая, комедия, ,, фильм плаща и шпаги",Георгий Юнгвальд-Хилькевич,СССР,1979
Грядущему веку,драма,Искандер Хамраев,СССР,1985
"Грех (фильм, 1991)","драма, экранизация",Олег Бийма,СССР,1991
Государственная граница. Солёный ветер,историко-приключенческий,Геннадий Иванов,СССР,не указано
Государственная граница. На дальнем пограничье,историко-приключенческий,Геннадий Иванов,СССР,не указано
"Государственная граница. Мы наш, мы новый…",историко-приключенческий,Борис Степанов,СССР,не указано
Государственная граница. Мирное лето 21-го года,историко-приключенческий,Борис Степанов,СССР,не указано
Государственная граница. Красный песок,историко-приключенческий,Борис Степанов,СССР,не указано
Государственная граница. За порогом победы,"историко, -, приключенческий фильм",Борис Степанов,СССР,не указано
Государственная граница. Год сорок первый,"историко-приключенческий,, драма",Вячеслав Никифоров,СССР,не указано
Государственная граница. Восточный рубеж,"историко, -, приключенческий",Борис Степанов,СССР,не указано
Горя бояться — счастья не видать,комедия,Виктор Туров,СССР,1973
Гонки по вертикали (фильм),детективный фильм,Александр Муратов,СССР,1982
Гончарный круг (фильм),киноповесть,Вадим Дербенёв,СССР,1974
Голубой патруль (фильм),"детский, ,, приключение, ,, криминальный",Тимур Золоев,СССР,1974
Голубой карбункул (фильм),"Детектив, ,, мюзикл",Николай Лукьянов,СССР,1979
"Голубка (фильм, 1978)","мелодрама, производственный фильм",Владимир Назаров,СССР,1978
"Голос (фильм, 1986)",комедия,Владимир Бортко,СССР,1986
Гляди веселей,экранизация,Марат Арипов,СССР,1982
Главный конструктор (фильм),"исторический фильм, ,, драма",Владимир Семаков,СССР,не указано
"Где ты был, Одиссей?","драма, военный фильм, шпионский фильм",Тимур Золоев,СССР,1978
"Где вы, рыцари?",комедия,Леонид Быков,СССР,не указано
"Гардемарины, вперёд!","историко, -, приключенческий фильм, фильм плаща и шпаги, мелодрама",Светлана Дружинина,СССР,не указано
"Гамлет (фильм-балет, 1969)",не указано,не указано,не указано,не указано
Гадание на бараньей лопатке,драма,Ада Неретниеце,СССР,1988
Выше Радуги,"сказка, ,, музыкальный фильм",Георгий Юнгвальд-Хилькевич,СССР,1986
Выставка (фильм),драма,Марионас Гедрис,СССР,1987
Вылет задерживается,мелодрама,Леонид Марягин,СССР,1974
Выгодный контракт,"шпионский фильм, и, детективный фильм",Владимир Савельев,СССР,1979
Вход в лабиринт,детектив,Валерий Кремнёв,СССР,не указано
Встреча перед разлукой,"военный фильм, драма",Владимир Храмов,СССР,1985
Встреча на далёком меридиане (фильм),"киноповесть, ,, экранизация",Сергей Тарасов,СССР,1977
"Встреча (фильм, 1978)",не указано,Ион Мижа,СССР,1978
Всем — спасибо!..,драма,Инесса Селезнёва,СССР,1981
Всего три недели…,драма,"Николай Литус, ,, Михаил Резникович",СССР,1971
Время выбрало нас,"военная, драма",Михаил Пташук,СССР,не указано
"Всадники (фильм, 1972)",военный фильм,Вадим Костроменко,СССР,1972
"Вот моя деревня (фильм, 1972)",киноповесть,Борис Дуров,СССР,1972
Вот и лето прошло… (фильм),детский фильм,Александр Игишев,СССР,1972
Воспоминание о «Коровьем марше»,комедия,Юрий Сааков,СССР,1991
"Воскресенье, половина седьмого","психологическая драма, ,, детектив",Вадим Зобин,СССР,1988
"Вольный ветер (фильм, 1983)","мюзикл, мелодрама, комедия",Ян Фрид,СССР,1983
Волшебная сила,"лирическая, комедия",Наум Бирман,СССР,1970
Во бору брусника,мелодрама,Евгений Васильев,СССР,1988
Волны Чёрного моря (фильм),"детский фильм, приключения, экранизация","Артур Войтецкий, Олег Гойда, Вячеслав Криштофович",СССР,не указано
Влюблённая рыбка,драма,Абай Карпыков,СССР,1989
Визит к Минотавру,детектив,Эльдор Уразбаев,СССР,1987
"Виктория (фильм, 1987)","мелодрама, экранизация",Дмитрий Долинин,СССР,1987
Вижу цель,драма,Сурен Шахбазян,СССР,1979
"Вечный муж (фильм, 1990)",драма,Евгений Марковский,СССР,1990
"Весенняя сказка (фильм, 1971)","детский фильм, ,, сказка",Юрий Цветков,СССР,1971
Вашингтонский корреспондент,Политический памфлет,Юрий Дубровин,СССР,1972
В. Давыдов и Голиаф,комедия,Геннадий Байсак,СССР,1985
Ваши права?,"приключение, драма, роуд-муви",Инесса Селезнёва,СССР,1974
В поисках капитана Гранта,приключенческий фильм,Станислав Говорухин,"СССР, Болгария",не указано
В лесах под Ковелем,военный,Юрий Тупицкий,СССР,1984
Был настоящим трубачом,"детский фильм, драма","Константин Бромберг, ,, Гиндин, Иосиф Львович",СССР,1973
Будни и праздники Серафимы Глюкиной,мелодрама,Ростислав Горяев,СССР,1988
Брак по-имеретински,лирическая кинокомедия,"Нинель Ненова-Цулая, ,, Гено Цулая",СССР,1981
Большой янтарь,"музыкальная, комедия",Алоиз Бренч,СССР,1971
Большое приключение,приключения,Вячеслав Никифоров,СССР,1985
Большие перегоны,не указано,Анатолий Дудоров,СССР,1971
"Большая игра (фильм, 1988)","политический, детектив",Семён Аранович,"СССР, Болгария",1988
Боба и слон,"детский фильм, фильм о животных",Аугуст Балтрушайтис,СССР,1972
Благочестивая Марта (фильм),"комедия, мелодрама, музыкальный фильм",Ян Фрид,СССР,1980
Берег его жизни,"приключенческий фильм, исторический фильм, биографический фильм, драма",Юрий Соломин,СССР,1984
Белая земля,драма,Александр Карпов,СССР,1970
"Безумный день, или Женитьба Фигаро (спектакль)",комедия,Валентин Плучек,СССР,1969
Батальоны просят огня (фильм),военный фильм,"Владимир Чеботарёв, Александр Боголюбов",СССР,1985
"Без семьи (фильм, 1984)",драма,Владимир Бортко,СССР,1984
Баллада о комиссаре,драма,Александр Сурин,СССР,1967
Бабушка для всех,Музыкальный фильм,Нана Двалишвили,СССР,1987
Атланты и кариатиды (фильм),драма,"Александр Гуткович, Михаил Ганкин",СССР,1980
"Асиф, Васиф, Агасиф",детский фильм,Расим Исмайлов,СССР,1983
Ассоль (телефильм),мелодрама,Борис Степанцев,СССР,1982
Артистка из Грибова,"лирическая, комедия",Леонид Квинихидзе,СССР,1988
"Арена (фильм, 1967)",драма,Самсон Самсонов,СССР,1967
Апрельские сны,"лирическая, комедия",Валерий Ахадов,СССР,1980
Антарктическая повесть,"драма, ,, приключения",Сергей Тарасов,СССР,1979
Андрей и злой чародей,"сказка, ,, комедия",Геннадий Харлан,СССР,1981
"Алло, Варшава!",музыкальная комедия,Ольгерд Воронцов,СССР,1971
Активная зона (фильм),драма,Леонид Пчёлкин,СССР,1979
Актёр Йоллер,драма,Вирве Аруоя,СССР,1960
"Акмаль, дракон и принцесса",сказка,Юрий Степчук,СССР,1981
Аккорды долгой жизни,"биографический фильм, ,, драма, ,, комедия, ,, мюзикл",Анар Рзаев,СССР,1981
Адъютант его превосходительства,военный фильм,Евгений Ташков,СССР,не указано
"Адвокат (фильм, 1990)","драма, ,, детектив",Искандер Хамраев,СССР,1990
Адам женится на Еве,"драма, и, комедия",Виктор Абросимович Титов,СССР,1980
"Авария (фильм, 1974)","детектив, драма",Витаутас Жалакявичюс,СССР,1974
Бегемотик (мультфильм),сказка,Эдуард Назаров,СССР,не указано
Барток Великолепный,"приключения, ,, семейный, ,, мюзикл, ,, сказка","Дон Блут, Гэри Голдман",США,не указано
"Барон Мюнхгаузен (фильм, 1961)","фантастика, приключения, кинокомедия",Карел Земан,Чехословакия,1961
Бармалей (мультфильм),сказка,"Леонид Амальрик, ,, Владимир Полковников",СССР,не указано
Барбоскины на даче,"комедия, приключения, семейный","Елена Галдобина, Федор Дмитриев",Россия,не указано
Барбоскины Team,"комедия, мюзикл, приключения, семейный",Евгений Жебчук,Россия,не указано
Барби представляет сказку «Дюймовочка»,фэнтезийный фильм,Конрад Хелтен,США,не указано
Барби и Щелкунчик,"детский фильм, ,, фэнтези, ,, приключения, и, .mw-parser-output .ts-Wikidata-redLink a{background:none;padding:0}.mw-parser-output .ts-Wikidata-redLink a.external{color:#ba0000;color:var(--color-link-red,#ba0000)}.mw-parser-output .ts-Wikidata-redLink a.external:visited{color:#a55858;color:var(--color-link-red--visited,#a55858)}, рождественский фильм, [вд]","Оуэн Херли, [вд]",США,не указано
Барби и три мушкетёра,"приключения, ,, семейный фильм",Уильям Лау,США,не указано
Барби и сёстры в Сказке о пони,"Семейный, Фэнтези, Мультипликация",Келли Кайран,США,не указано
Барби и дракон,сказочное фэнтези,Оуэн Хёрли,"США, Канада",не указано
Барашек Шон (мультфильм),"приключения, ,, комедия, ,, семейный",Марк Бёртон,"Великобритания, [, 1, ], Франция",не указано
Барби и 12 танцующих принцесс,"романтика, ,, приключения",Грег Ричардсон,США,не указано
"Барашек (мультфильм, США)",комедия,"Бад Лаки, ,, Роджер Гулд",США,не указано
"Барашек (мультфильм, СССР)",не указано,Наталия Голованова,СССР,не указано
Бао (мультфильм),короткометражный мультфильм,Доми Ши,США,не указано
"Баранкин, будь человеком! (мультфильм)",сказка,Александра Снежко-Блоцкая,СССР,не указано
Баня (мультфильм),комедия,"Сергей Юткевич, Анатолий Каранович",СССР,не указано
Банни (мультфильм),комедия,Крис Уэдж,США,не указано
Банкет (мультфильм),сатира,Гарри Бардин,СССР,не указано
Банальная история (мультфильм),"мультфильм для взрослых, мелодрама",Иосиф Боярский,СССР,не указано
Балто (мультфильм),"семейный, ,, приключения",Саймон Уэллс,США,не указано
Баллада о столе,"кино-плакат,, сатира","Михаил Калинин, ,, Роман Давыдов",СССР,не указано
Балерина на корабле,музыкальная фантазия,Лев Атаманов,СССР,не указано
Балерина (мультфильм),"приключения, ,, мюзикл, ,, семейный фильм","Эрик Саммер, Эрик Уорин","Канада, Франция",не указано
Балбесы 3D,"мультфильм, ,, комедия, ,, криминал",Йорген Лендарм,Дания,не указано
Баланс (мультфильм),"немое кино, и, драма","Кристоф, и, Вольфганг Лауэнштайны",ФРГ,не указано
Базз Лайтер (мультфильм),"супергеройская фантастика, [, 1, ], [, 2, ], приключения, [, 3, ], [, 4, ], научная фантастика, [, 5, ], [, 6, ]",Энгус Маклейн,США,не указано
Балаблок,"мультфильм, [, 1, ]","Бржетислав Пояр, [, 2, ]","Канада, [, 2, ]",не указано
Бабья работа,не указано,Анатолий Солин,Россия,не указано
Бабушкин козлик,сатирическая сказка для взрослых,Леонид Амальрик,СССР,не указано
Бабушкин зонтик,не указано,Лев Мильчин,СССР,не указано
Бабушка (мультфильм),драма,Андрей Золотухин,Россия,не указано
Бабочка и тигр,юмор,Валерий Угаров,СССР,не указано
Бабочка (мультфильм),не указано,Андрей Хржановский,СССР,не указано
Бабка Ёжка и другие,сказка,"Андрей Молчанов, Мария Ушенина, Василий Филатов (перезапись)",Россия,не указано
Баба-яга против!,"сказка, ,, комедия",Владимир Пекарь,СССР,не указано
Бабай (мультфильм),"комедия, приключенческий фильм, семейный фильм, фэнтези, [, 1, ]",Марина Медвидь,Украина,не указано
Ая и ведьма,"фэнтези, ,, приключения",Горо Миядзаки,не указано,не указано
Ахмед и Салим,Ситком,не указано,Израиль,не указано
Аэротачки,приключения,Тони Тэнг,США,не указано
"Ах, эти жмурки!",не указано,Иван Уфимцев,Россия,не указано
"Ах, принцесса!",сказка,Юлиан Калишер,СССР,не указано
Африканская сказка,сатира,"Леонид Аристов, ,, Игорь Николаев",СССР,не указано
Атака на титанов,"боевик, ,, драма, ,, тёмное фэнтези, ,, постапокалиптика",Юитиро Хаяси,не указано,не указано
"Астробой (мультфильм, 2009)",супергеройский фильм,Дэвид Бауэрс,"США, Япония, Гонконг",не указано
Астерикс против Цезаря,"историческая, комедия","Jack Jullian, [вд], [, 1, ], ,, Nara Kollery, [вд], [, 1, ], и, Jacques Maumont, [вд], [, 1, ]","Франция, Бельгия",не указано
Астерикс из Галлии,"историческая, комедия",Рей Госсенс,"Франция, Бельгия",не указано
Астерикс и тайное зелье,"историческая, комедия","Raphaël Seydoux, [вд], [, 1, ], ,, Жан Гудье, [вд], [, 1, ], и, Cyril Holtz, [вд], [, 1, ]",Франция,не указано
Астерикс и викинги,"историческая, комедия","Stig Sparre-Ulrich, [вд], и, Claus Lynge, [вд]","Франция, Дания",не указано
Астерикс и Клеопатра,"историческая, комедия","Henri Gruel, [вд], [, 2, ]","Франция, Бельгия",не указано
Астерикс завоёвывает Америку,"историческая, комедия","Manfred Arbter, [вд], [, 1, ], ,, Harry Schnitzler, [вд], [, 1, ], и, Max Hoskins, [вд], [, 1, ]","Германия, Франция",не указано
Астерикс в Британии,"исторический, комедийный","Thierry Lebon, [вд], [, 1, ]","Франция, Бельгия",не указано
"Архипелаг (мультфильм, 2021)","документальный фильм, и, драма","Olivier Calvert, [вд], [, 1, ]","Канада, [, 1, ]",не указано
Арнольд!,"приключенческий фильм, комедия",Так Такер,США,не указано
"Арло, мальчик-аллигатор","комедия, [, 1, ], ,, приключения, [, 1, ], ,, семейный фильм, [, 1, ], и, музыкальный фильм, [, 1, ]",".mw-parser-output .ts-Wikidata-redLink a{background:none;padding:0}.mw-parser-output .ts-Wikidata-redLink a.external{color:#ba0000;color:var(--color-link-red,#ba0000)}.mw-parser-output .ts-Wikidata-redLink a.external:visited{color:#a55858;color:var(--color-link-red--visited,#a55858)}, Ryan Crego, [вд], [, 1, ]",США,не указано
Ариэтти из страны лилипутов,"приключения, ,, фэнтези, ,, сказка",Хиромаса Ёнэбаяси,не указано,не указано
Аргонавты (мультфильм),древнегреческая мифология,Борис Фильчиков,СССР,не указано
Апельсин (мультфильм),Считалка,Галина Баринова,СССР,не указано
Апостол (мультфильм),сатира,Квирино Кристиани,Аргентина,не указано
Антошка,"детский фильм, и, музыкальный фильм",Леонид Носырев,СССР,не указано
Аномализа,"комедия, ,, драма, ,, комедийная драма, и, романтический фильм","Дьюк Джонсон,, Чарли Кауфман",США,не указано
Аннабелль,"приключения, ,, сказка",Рой Уилсон,США,не указано
Анина (мультфильм),Семейный,"Альфредо Содергуит, Альфредо Содергит","Уругвай, Колумбия",не указано
Аниматрица,"техно, ,, биг-бит, ,, хаус, и, драм-н-бейс","Кодзи Моримото, Синъитиро Ватанабэ, Махиро Маэда, Питер Чунг, Энди Джонс, Ёсиаки Кавадзири, Такэси Коикэ",США,не указано
Андрей Свислоцкий,Символизм,Игорь Ковалёв,"СССР, →, Россия",не указано
Ангелы смерти (аниме),"фантастика, ,, боевик, ,, сёнэн, ,, меха, ,, этти",Коити Охата,не указано,не указано
Анастасия (мультфильм),"драма, ,, комедия, ,, мюзикл, ,, фэнтези, ,, приключения, ,, семейный, ,, мультфильм, ,, мистика","Дон Блут, Гари Голдман",США,не указано
Анаит (мультфильм),"семейный, приключения, мультфильм","Давид Саакянц, Люля Саакянц",Армения,не указано
Американский хвост,семейный,Дон Блут,США,не указано
АМБА (мультфильм),научная фантастика,Геннадий Тищенко,Россия,не указано
"Алоха, Скуби-Ду!","комедия, ,, детектив, ,, приключения",Тим Малтбу,США,не указано
Алло! Вас слышу!,детский фильм,Юрий Прытков,СССР,не указано
Алиса и укус пчелы,кинокомедия,Уолт Дисней,США,1925
"Алиса в Стране чудес (мультфильм, 1951)","мюзикл, фэнтезийная комедия",".mw-parser-output .plainlist ol,.mw-parser-output .plainlist ul{line-height:inherit;list-style:none;margin:0;padding:0}.mw-parser-output .plainlist ol li,.mw-parser-output .plainlist ul li{margin-bottom:0}, Клайд Джероними, Уилфред Джексон, Хэмилтон Ласк, Джек Кинни",США,не указано
"Алиса (фильм, 1988)",фэнтезийный фильм,Ян Шванкмайер,"Чехословакия, Швейцария, Великобритания, ФРГ",не указано
Али-Баба и сорок разбойников (мультфильм),сказка,Григорий Ломидзе,СССР,не указано
Али-Баба и сорок разбойников (аниме),"приключения, ,, сказка",Сидара Хироси,не указано,не указано
Алёшины сказки,не указано,Роман Качанов,СССР,не указано
Алёша Попович и Тугарин Змей,"комедия, приключения",Константин Бронзит,Россия,не указано
Аленький цветочек (мультфильм),сказка,Лев Атаманов,СССР,не указано
Алёнушка и солдат (мультфильм),сказка,Юрий Елисеев,СССР,не указано
Алёнкин цыплёнок,не указано,Лев Шукалюков,СССР,не указано
Аладдин и король разбойников,"мюзикл, ,, фэнтези, ,, приключения",Тэд Стоунс,"США, Австралия, Япония",не указано
Аладдин (мультфильм Disney),"мюзикл, фэнтезийная комедия","Джон Маскер, Рон Клементс",США,не указано
Аладдин и его чудесная лампа,"комедия, [, 1, ], ,, приключения, [, 1, ], ,, семейный фильм, [, 1, ], и, фэнтези, [, 1, ]",".mw-parser-output .ts-Wikidata-redLink a{background:none;padding:0}.mw-parser-output .ts-Wikidata-redLink a.external{color:#ba0000;color:var(--color-link-red,#ba0000)}.mw-parser-output .ts-Wikidata-redLink a.external:visited{color:#a55858;color:var(--color-link-red--visited,#a55858)}, Дэйв Флейшер, [вд], [, 2, ]",США,не указано
Аладдин (мультфильм Golden Films),"детский фильм, и, сказка","Масакадзу Хигути, Тинами Намба","США, Япония",не указано
Актриса тысячелетия,"психологическая драма, ,, исторический",Сатоси Кон,не указано,не указано
Аксак кулан (мультфильм),легенда,Амен Хайдаров,СССР,не указано
Акира (аниме),музыка к аниме,Кацухиро Отомо,"Япония, ,, США",не указано
Аквариум (мультфильм),не указано,Франгиз Курбанова,СССР,не указано
Акварион,"приключения, ,, фантастика, ,, меха, ,, драма, , романтика",Кэндзи Итосо,не указано,не указано
Акаиро,Сказка,Аида Зябликова,СССР,не указано
Академик Иванов,комедия,Владимир Попов,СССР,не указано
Айнбо. Сердце Амазонии,"комедия, фэнтези, приключения","Рихард Клаус, Хосе Селада","Перу, Нидерланды, Германия",не указано
Аисты (мультфильм),"комедия, семейный фильм","Николас Столлер, Даг Свитленд, [англ.]",США,не указано
Айболит и Бармалей (мультфильм),сказка,Наталия Червинская,СССР,не указано
Аистёнок (мультфильм),сказка,Р. Пекарь,СССР,не указано
Аист (мультфильм),сказка,Иван Аксенчук,СССР,не указано
Адзуманга,"комедия, , школа,, повседневность",Фумиаки Асано,не указано,не указано
Азур и Азмар,"фэнтези, ,, приключение","Cyril Holtz, [вд]","Франция, Испания, Бельгия, Италия",не указано
Адам и его собака,"мультфильм, ,, коротометражка",Минкью Ли,США,не указано
Адажио (мультфильм),притча,Гарри Бардин,"Россия, Франция, Испания",не указано
Агенты времени,"фэнтези, ,, драма",Ли Хаолин,не указано,не указано
Агент Вексилл,научная фантастика,Фумихико Сори,не указано,не указано
Автомобиль кота Леопольда,не указано,Анатолий Резников,СССР,не указано
Автомобилисты (мультфильм),"комедия, ,, гротеск",Герман Вахтель,СССР,не указано
Аврора (мультфильм),"детский, ,, исторический",Георгий Иванович Мартынюк,СССР,не указано
Аврил и поддельный мир,"альтернативная история, приключения, стимпанк","Кристиан Димар, Франк Экинджи","Франция, Бельгия, Канада",не указано
Аве Мария (мультфильм),памфлет,"Владимир Данилевич, ,, Иван Иванов-Вано",СССР,не указано
Аварийная бригада (мультфильм),Мультсериал,"Янис Цимерманис, Даце Ридузе",Латвия,не указано
